focal_mm,fov_w_deg,fov_h_deg,omega_sr,sky_fraction_pct,zhr,limiting_mag,rate_per_hour_in_frame,P_at_least_one_totality_pct
16,69.7433527463864,49.93572814133121,0.9749743930328327,15.51719940391957,10,0.0,0.0014726330171596876,0.00287461069130579
16,69.7433527463864,49.93572814133121,0.9749743930328327,15.51719940391957,10,2.0,0.007127543803052891,0.013912347866817942
16,69.7433527463864,49.93572814133121,0.9749743930328327,15.51719940391957,10,3.0,0.015680596366716357,0.03060461042551088
16,69.7433527463864,49.93572814133121,0.9749743930328327,15.51719940391957,10,4.0,0.03449731200677599,0.0673177795116442
16,69.7433527463864,49.93572814133121,0.9749743930328327,15.51719940391957,20,0.0,0.0029452660343193752,0.005749138748745164
16,69.7433527463864,49.93572814133121,0.9749743930328327,15.51719940391957,20,2.0,0.014255087606105782,0.0278227601994141
16,69.7433527463864,49.93572814133121,0.9749743930328327,15.51719940391957,20,3.0,0.03136119273343271,0.06119985442923914
16,69.7433527463864,49.93572814133121,0.9749743930328327,15.51719940391957,20,4.0,0.06899462401355198,0.13459024218889226
16,69.7433527463864,49.93572814133121,0.9749743930328327,15.51719940391957,43,0.0,0.006332321973786657,0.012360239698250286
16,69.7433527463864,49.93572814133121,0.9749743930328327,15.51719940391957,43,2.0,0.03064843835312743,0.05980936467662179
16,69.7433527463864,49.93572814133121,0.9749743930328327,15.51719940391957,43,3.0,0.06742656437688034,0.13153338565817796
16,69.7433527463864,49.93572814133121,0.9749743930328327,15.51719940391957,43,4.0,0.14833844162913676,0.28914509486274165
16,69.7433527463864,49.93572814133121,0.9749743930328327,15.51719940391957,100,0.0,0.01472633017159688,0.02874238867409673
16,69.7433527463864,49.93572814133121,0.9749743930328327,15.51719940391957,100,2.0,0.07127543803052891,0.13903641193330207
16,69.7433527463864,49.93572814133121,0.9749743930328327,15.51719940391957,100,3.0,0.1568059636671636,0.30562495907713316
16,69.7433527463864,49.93572814133121,0.9749743930328327,15.51719940391957,100,4.0,0.34497312006775993,0.671142194014418
24,49.83759112172605,34.49042758228872,0.5009454137215842,7.972793881300469,10,0.0,0.0007566442373387358,0.001476995822191629
24,49.83759112172605,34.49042758228872,0.5009454137215842,7.972793881300469,10,2.0,0.003662158108719483,0.00714845705824807
24,49.83759112172605,34.49042758228872,0.5009454137215842,7.972793881300469,10,3.0,0.008056747839182862,0.015725931005572402
24,49.83759112172605,34.49042758228872,0.5009454137215842,7.972793881300469,10,4.0,0.017724845246202298,0.03459378382171252
24,49.83759112172605,34.49042758228872,0.5009454137215842,7.972793881300469,20,0.0,0.0015132884746774716,0.002953969829211367
24,49.83759112172605,34.49042758228872,0.5009454137215842,7.972793881300469,20,2.0,0.007324316217438966,0.014296403112112888
24,49.83759112172605,34.49042758228872,0.5009454137215842,7.972793881300469,20,3.0,0.016113495678365723,0.03144938896207927
24,49.83759112172605,34.49042758228872,0.5009454137215842,7.972793881300469,20,4.0,0.035449690492404595,0.06917560034463976
24,49.83759112172605,34.49042758228872,0.5009454137215842,7.972793881300469,43,0.0,0.0032535702205565642,0.006350927258558237
24,49.83759112172605,34.49042758228872,0.5009454137215842,7.972793881300469,43,2.0,0.015747279867493774,0.03073473997304843
24,49.83759112172605,34.49042758228872,0.5009454137215842,7.972793881300469,43,3.0,0.034644015708486305,0.06760395915623718
24,49.83759112172605,34.49042758228872,0.5009454137215842,7.972793881300469,43,4.0,0.07621683455866987,0.1486683849651338
24,49.83759112172605,34.49042758228872,0.5009454137215842,7.972793881300469,100,0.0,0.007566442373387361,0.014768976578050097
24,49.83759112172605,34.49042758228872,0.5009454137215842,7.972793881300469,100,2.0,0.03662158108719483,0.0714615797681395
24,49.83759112172605,34.49042758228872,0.5009454137215842,7.972793881300469,100,3.0,0.08056747839182862,0.15714806950434257
24,49.83759112172605,34.49042758228872,0.5009454137215842,7.972793881300469,100,4.0,0.17724845246202298,0.345399806263913
35,35.3407855146481,24.032953128537994,0.2529487436006631,4.025804289292996,10,0.0,0.0003820620050508881,0.000745801025814341
35,35.3407855146481,24.032953128537994,0.2529487436006631,4.025804289292996,10,2.0,0.001849180104446299,0.0036096252769457493
35,35.3407855146481,24.032953128537994,0.2529487436006631,4.025804289292996,10,3.0,0.004068196229781858,0.007941003621692033
35,35.3407855146481,24.032953128537994,0.2529487436006631,4.025804289292996,10,4.0,0.00895003170552009,0.017469375586232072
35,35.3407855146481,24.032953128537994,0.2529487436006631,4.025804289292996,20,0.0,0.0007641240101017762,0.0014915964894335332
35,35.3407855146481,24.032953128537994,0.2529487436006631,4.025804289292996,20,2.0,0.003698360208892598,0.007219120259960299
35,35.3407855146481,24.032953128537994,0.2529487436006631,4.025804289292996,20,3.0,0.008136392459563716,0.01588137664800815
35,35.3407855146481,24.032953128537994,0.2529487436006631,4.025804289292996,20,4.0,0.01790006341104018,0.03493569938163299
35,35.3407855146481,24.032953128537994,0.2529487436006631,4.025804289292996,43,0.0,0.001642866621718819,0.003206904947461453
35,35.3407855146481,24.032953128537994,0.2529487436006631,4.025804289292996,43,2.0,0.007951474449119086,0.015520464280927015
35,35.3407855146481,24.032953128537994,0.2529487436006631,4.025804289292996,43,3.0,0.01749324378806199,0.03414184177141788
35,35.3407855146481,24.032953128537994,0.2529487436006631,4.025804289292996,43,4.0,0.03848513633373638,0.07509666546462457
35,35.3407855146481,24.032953128537994,0.2529487436006631,4.025804289292996,100,0.0,0.0038206200505088825,0.007457759964457633
35,35.3407855146481,24.032953128537994,0.2529487436006631,4.025804289292996,100,2.0,0.01849180104446299,0.03609039010625814
35,35.3407855146481,24.032953128537994,0.2529487436006631,4.025804289292996,100,3.0,0.040681962297818584,0.07938166543287606
35,35.3407855146481,24.032953128537994,0.2529487436006631,4.025804289292996,100,4.0,0.0895003170552009,0.17455648923070388
50,25.142533983446807,16.94944482826832,0.12832724657925476,2.0423915626460913,10,0.0,0.00019382964482374788,0.0003783642749444205
50,25.142533983446807,16.94944482826832,0.12832724657925476,2.0423915626460913,10,2.0,0.0009381354809469401,0.0018312697872335804
50,25.142533983446807,16.94944482826832,0.12832724657925476,2.0423915626460913,10,3.0,0.002063898058083268,0.004028749265128084
50,25.142533983446807,16.94944482826832,0.12832724657925476,2.0423915626460913,10,4.0,0.00454057572778319,0.008863034137018833
50,25.142533983446807,16.94944482826832,0.12832724657925476,2.0423915626460913,20,0.0,0.00038765928964749576,0.0007567271182895574
50,25.142533983446807,16.94944482826832,0.12832724657925476,2.0423915626460913,20,2.0,0.0018762709618938803,0.003662506038981661
50,25.142533983446807,16.94944482826832,0.12832724657925476,2.0423915626460913,20,3.0,0.004127796116166536,0.008057336222044853
50,25.142533983446807,16.94944482826832,0.12832724657925476,2.0423915626460913,20,4.0,0.00908115145556638,0.017725282740288506
50,25.142533983446807,16.94944482826832,0.12832724657925476,2.0423915626460913,43,0.0,0.0008334674727421159,0.0016269562251092218
50,25.142533983446807,16.94944482826832,0.12832724657925476,2.0423915626460913,43,2.0,0.004033982568071842,0.007874222154147237
50,25.142533983446807,16.94944482826832,0.12832724657925476,2.0423915626460913,43,3.0,0.008874761649758055,0.017322470298875015
50,25.142533983446807,16.94944482826832,0.12832724657925476,2.0423915626460913,43,4.0,0.019524475629467717,0.038105473805982726
50,25.142533983446807,16.94944482826832,0.12832724657925476,2.0423915626460913,100,0.0,0.0019382964482374792,0.003783578328275805
50,25.142533983446807,16.94944482826832,0.12832724657925476,2.0423915626460913,100,2.0,0.009381354809469401,0.018311188848985083
50,25.142533983446807,16.94944482826832,0.12832724657925476,2.0423915626460913,100,3.0,0.020638980580832685,0.040280189566577196
50,25.142533983446807,16.94944482826832,0.12832724657925476,2.0423915626460913,100,4.0,0.0454057572778319,0.08859500070518278
100,12.724401538998091,8.521329244144583,0.032931473472595625,0.5241206786463218,10,0.0,4.974076805095084e-05,9.70963761726118e-05
100,12.724401538998091,8.521329244144583,0.032931473472595625,0.5241206786463218,10,2.0,0.00024074531736660213,0.00046994558455804025
100,12.724401538998091,8.521329244144583,0.032931473472595625,0.5241206786463218,10,3.0,0.0005296396982065246,0.0010338773708151727
100,12.724401538998091,8.521329244144583,0.032931473472595625,0.5241206786463218,10,4.0,0.0011652073360543544,0.002274516106282043
100,12.724401538998091,8.521329244144583,0.032931473472595625,0.5241206786463218,20,0.0,9.948153610190167e-05,0.00019419265805398211
100,12.724401538998091,8.521329244144583,0.032931473472595625,0.5241206786463218,20,2.0,0.00048149063473320426,0.000939888960616031
100,12.724401538998091,8.521329244144583,0.032931473472595625,0.5241206786463218,20,3.0,0.0010592793964130493,0.0020677440526029045
100,12.724401538998091,8.521329244144583,0.032931473472595625,0.5241206786463218,20,4.0,0.002330414672108709,0.004548980478336073
100,12.724401538998091,8.521329244144583,0.032931473472595625,0.5241206786463218,43,0.0,0.0002138853026190886,0.0004175137486295277
100,12.724401538998091,8.521329244144583,0.032931473472595625,0.5241206786463218,43,2.0,0.0010352048646763892,0.002020750344411404
100,12.724401538998091,8.521329244144583,0.032931473472595625,0.5241206786463218,43,3.0,0.002277450702288056,0.00444559685646162
100,12.724401538998091,8.521329244144583,0.032931473472595625,0.5241206786463218,43,4.0,0.005010391545033724,0.009780052209029666
100,12.724401538998091,8.521329244144583,0.032931473472595625,0.5241206786463218,100,0.0,0.0004974076805095085,0.0009709595192197717
100,12.724401538998091,8.521329244144583,0.032931473472595625,0.5241206786463218,100,2.0,0.002407453173666021,0.004699356464787918
100,12.724401538998091,8.521329244144583,0.032931473472595625,0.5241206786463218,100,3.0,0.005296396982065248,0.010338292715295072
100,12.724401538998091,8.521329244144583,0.032931473472595625,0.5241206786463218,100,4.0,0.011652073360543544,0.022742833163458265
200,6.381873133214926,4.266562929134308,0.008288128844159472,0.13190966745304972,10,0.0,1.251865923208075e-05,2.4437034951141356e-05
200,6.381873133214926,4.266562929134308,0.008288128844159472,0.13190966745304972,10,2.0,6.059031068327086e-05,0.00011827519368345918
200,6.381873133214926,4.266562929134308,0.008288128844159472,0.13190966745304972,10,3.0,0.0001332986835031959,0.0002602052414535372
200,6.381873133214926,4.266562929134308,0.008288128844159472,0.13190966745304972,10,4.0,0.0002932571037070309,0.0005724506374593652
200,6.381873133214926,4.266562929134308,0.008288128844159472,0.13190966745304972,20,0.0,2.50373184641615e-05,4.887406394038507e-05
200,6.381873133214926,4.266562929134308,0.008288128844159472,0.13190966745304972,20,2.0,0.00012118062136654172,0.00023655024747881725
200,6.381873133214926,4.266562929134308,0.008288128844159472,0.13190966745304972,20,3.0,0.0002665973670063918,0.0005204098058264606
200,6.381873133214926,4.266562929134308,0.008288128844159472,0.13190966745304972,20,4.0,0.0005865142074140618,0.0011448979979178375
200,6.381873133214926,4.266562929134308,0.008288128844159472,0.13190966745304972,43,0.0,5.383023469794723e-05,0.00010507920793489944
200,6.381873133214926,4.266562929134308,0.008288128844159472,0.13190966745304972,43,2.0,0.0002605383359380647,0.0005085823403194745
200,6.381873133214926,4.266562929134308,0.008288128844159472,0.13190966745304972,43,3.0,0.0005731843390637424,0.0011188777344517398
200,6.381873133214926,4.266562929134308,0.008288128844159472,0.13190966745304972,43,4.0,0.0012610055459402333,0.002461514490881278
200,6.381873133214926,4.266562929134308,0.008288128844159472,0.13190966745304972,100,0.0,0.00012518659232080753,0.00024437008081523715
200,6.381873133214926,4.266562929134308,0.008288128844159472,0.13190966745304972,100,2.0,0.0006059031068327086,0.0011827456418034288
200,6.381873133214926,4.266562929134308,0.008288128844159472,0.13190966745304972,100,3.0,0.001332986835031959,0.0026020219466627026
200,6.381873133214926,4.266562929134308,0.008288128844159472,0.13190966745304972,100,4.0,0.0029325710370703096,0.005724358911973759
300,4.257026834895973,2.8451056250213553,0.0036882050620089283,0.058699606675527136,10,0.0,5.570784819768018e-06,1.0874445099950947e-05
300,4.257026834895973,2.8451056250213553,0.0036882050620089283,0.058699606675527136,10,2.0,2.6962598527677212e-05,5.263230331564728e-05
300,4.257026834895973,2.8451056250213553,0.0036882050620089283,0.058699606675527136,10,3.0,5.9317716760889866e-05,0.00011579103071923669
300,4.257026834895973,2.8451056250213553,0.0036882050620089283,0.058699606675527136,10,4.0,0.00013049897687395773,0.00025474009061055014
300,4.257026834895973,2.8451056250213553,0.0036882050620089283,0.058699606675527136,20,0.0,1.1141569639536035e-05,2.1748889023065487e-05
300,4.257026834895973,2.8451056250213553,0.0036882050620089283,0.058699606675527136,20,2.0,5.3925197055354425e-05,0.00010526457893123009
300,4.257026834895973,2.8451056250213553,0.0036882050620089283,0.058699606675527136,20,3.0,0.00011863543352177973,0.00023158192736794092
300,4.257026834895973,2.8451056250213553,0.0036882050620089283,0.058699606675527136,20,4.0,0.00026099795374791545,0.0005094795323068446
300,4.257026834895973,2.8451056250213553,0.0036882050620089283,0.058699606675527136,43,0.0,2.3954374725002477e-05,4.676010555426657e-05
300,4.257026834895973,2.8451056250213553,0.0036882050620089283,0.058699606675527136,43,2.0,0.00011593917366901202,0.0002263187077078399
300,4.257026834895973,2.8451056250213553,0.0036882050620089283,0.058699606675527136,43,3.0,0.00025506618207182645,0.0004979004808447485
300,4.257026834895973,2.8451056250213553,0.0036882050620089283,0.058699606675527136,43,4.0,0.0005611456005580182,0.0010953777855204905
300,4.257026834895973,2.8451056250213553,0.0036882050620089283,0.058699606675527136,100,0.0,5.570784819768019e-05,0.00010874439781982659
300,4.257026834895973,2.8451056250213553,0.0036882050620089283,0.058699606675527136,100,2.0,0.0002696259852767721,0.000526321786564754
300,4.257026834895973,2.8451056250213553,0.0036882050620089283,0.058699606675527136,100,3.0,0.0005931771676088987,0.0011579042738629752
300,4.257026834895973,2.8451056250213553,0.0036882050620089283,0.058699606675527136,100,4.0,0.0013049897687395773,0.0025473717047086453
